<tool id="get_active_ppi" name="Get_Active_PPI">
  <description>for CSPN</description>
  
  <command interpreter="perl">
  	get_active_ppi.pl $inputFile1 $inputFile2 $outputFile1 $outputFile2 
  </command>

  <inputs>
  	<param format="txt" name="inputFile1" type="data" label="Select the first input file"/>	
  	<param format="txt" name="inputFile2" type="data" label="Select the second input file"/>
  </inputs>
  
  <outputs>
    <data format="txt" name="outputFile1"/> 
    <data format="txt" name="outputFile2"/>
  </outputs>
  	
  <help> </help>
</tool>

